{"_runtime": 7735.412433624268, "Loss": 0.0013027787208557129, "_timestamp": 1668299692.09854, "_step": 13511, "Validation F1": 0.8977469670710572, "Validation accuracy": 0.9016666666666666, "Validation loss": 0.3363996226588885, "Validation Recall": 0.9087719298245615, "Validation Precision": 0.886986301369863, "books-P": 0.8557077625570776, "books-R": 0.937, "books-F1": 0.894510739856802, "books-Acc": 0.8895, "dvd-P": 0.8914572864321608, "dvd-R": 0.887, "dvd-F1": 0.8892230576441102, "dvd-Acc": 0.8895, "electronics-P": 0.9370249728555917, "electronics-R": 0.863, "electronics-F1": 0.8984903695991671, "electronics-Acc": 0.9025, "kitchen_&_housewares-P": 0.8778409090909091, "kitchen_&_housewares-R": 0.927, "kitchen_&_housewares-F1": 0.9017509727626459, "kitchen_&_housewares-Acc": 0.899, "test-loss": 0.33659085562825203, "test-micro-acc": 0.895125, "test-micro-P": 0.888615687238751, "test-micro-R": 0.9035, "test-micro-F1": 0.8959960332217677, "test-macro-acc": 0.895125, "test-macro-P": 0.8905077327339348, "test-macro-R": 0.9035000000000001, "test-macro-F1": 0.8959937849656813}
