{"Loss": 0.3551573157310486, "_step": 10834, "_runtime": 18127.9825360775, "_timestamp": 1668365618.6565807, "Validation F1": 0.9047619047619048, "Validation Precision": 0.8558558558558559, "Validation accuracy": 0.9, "Validation Recall": 0.9595959595959596, "Validation loss": 0.524753348827362, "books-P-alt": 0.912, "books-R-alt": 0.912, "books-F1-alt": 0.912, "books-Acc-alt": 0.912, "books-P": 0.9109109109109109, "books-R": 0.91, "books-F1": 0.9104552276138069, "books-Acc": 0.9105, "dvd-P-alt": 0.8785228377065112, "dvd-R-alt": 0.904, "dvd-F1-alt": 0.8910793494332183, "dvd-Acc-alt": 0.8895, "dvd-P": 0.8785228377065112, "dvd-R": 0.904, "dvd-F1": 0.8910793494332183, "dvd-Acc": 0.8895, "electronics-P-alt": 0.9515366430260047, "electronics-R-alt": 0.805, "electronics-F1-alt": 0.8721560130010834, "electronics-Acc-alt": 0.882, "electronics-P": 0.9519906323185011, "electronics-R": 0.813, "electronics-F1": 0.8770226537216828, "electronics-Acc": 0.886}
