{"_timestamp": 1668319455.9883232, "_step": 17585, "Loss": 0.0011206151684746146, "_runtime": 9197.716790676117, "Validation accuracy": 0.9066666666666666, "Validation Precision": 0.9074733096085409, "Validation Recall": 0.8947368421052632, "Validation loss": 0.322569415923208, "Validation F1": 0.901060070671378, "books-P": 0.8901960784313725, "books-R": 0.908, "books-F1": 0.899009900990099, "books-Acc": 0.898, "dvd-P": 0.893037336024218, "dvd-R": 0.885, "dvd-F1": 0.8890005022601707, "dvd-Acc": 0.8895, "electronics-P": 0.9443813847900113, "electronics-R": 0.832, "electronics-F1": 0.8846358320042531, "electronics-Acc": 0.8915}
