{"_runtime": 10469.245369672775, "Loss": 0.001231424161233008, "_timestamp": 1668310218.302249, "_step": 18514, "Validation loss": 0.38483656782346465, "Validation Recall": 0.8947368421052632, "Validation Precision": 0.9107142857142857, "Validation F1": 0.9026548672566371, "Validation accuracy": 0.9083333333333333, "books-P": 0.8713339640491958, "books-R": 0.921, "books-F1": 0.8954788526981041, "books-Acc": 0.8925, "dvd-P": 0.8894575230296827, "dvd-R": 0.869, "dvd-F1": 0.8791097622660597, "dvd-Acc": 0.8805, "electronics-P": 0.9190871369294605, "electronics-R": 0.886, "electronics-F1": 0.9022403258655805, "electronics-Acc": 0.904, "kitchen_&_housewares-P": 0.8880233690360273, "kitchen_&_housewares-R": 0.912, "kitchen_&_housewares-F1": 0.8998519980266403, "kitchen_&_housewares-Acc": 0.8985, "test-loss": 0.3873400340974331, "test-micro-acc": 0.893875, "test-micro-P": 0.8914285714285715, "test-micro-R": 0.897, "test-micro-F1": 0.8942056074766356, "test-macro-acc": 0.893875, "test-macro-P": 0.8919754982610917, "test-macro-R": 0.897, "test-macro-F1": 0.8941702347140962}
